-- Inserts para a tabela SERVIDOR
INSERT INTO SERVIDOR (id, cpf, nome, matricula) VALUES
(1, '172.291.524-91', 'Euclides Peçanha', 'S10931'),
(2, '012.983.321-32', 'Olívia Martins', 'S23951'), 
(3, '563.246.892-91', 'Carmen Miranda', 'S93164'), 
(4, '901.234.567-89', 'Agenor Lima', 'S00291'),
(5, '459.213.702-21', 'Antônio Nunes', 'S10246'),
(6, '345.678.901-23', 'Diana Freitas', 'S34567');

-- Inserts para a tabela ORIENTADOR
INSERT INTO ORIENTADOR (id, cpf, nome, matricula) VALUES
(1, '478.032.431-24', 'Pedro Prado', 'O91234'),
(2, '914.209.123-78', 'Maria Teixeira', 'O47501'),
(3, '384.583.714-19', 'João Jonas', 'O00215'), 
(4, '392.457.953-26', 'Maria Joana', 'O09213'),
(5, '001.913.170-84', 'Joel Cícero', 'O24681'),
(6, '345.671.829-20', 'Lucas Fernandes', 'O34562'),
(7, '678.234.981-45', 'Renata Alves', 'O45672'),
(8, '123.456.789-09', 'Clara Dias', 'O56782'),
(9, '789.012.345-67', 'Gustavo Lima', 'O67892'),
(10, '234.567.890-12', 'Ana Clara', 'O78902'),
(11, '345.678.012-34', 'Bruno Torres', 'O89012'),
(12, '456.789.123-45', 'Sofia Mendes', 'O90123');

-- Inserts para a tabela EMPRESA
INSERT INTO EMPRESA (id, cnpj, nome) VALUES
(1, '71.004.801/1743-10', 'Inova Serra'),
(2, '98.831.003/7468-71', 'Creative Inc'),
(3, '20.982.471/9432-42', 'TechVit'),
(4, '00.170.432/1932-81', 'InfoService'),
(5, '62.431.192/1435-51', 'CyberSerra'),
(6, '14.276.893/0001-29', 'Future Solutions'),
(7, '33.567.892/0022-78', 'EcoTech'),
(8, '88.123.456/7890-12', 'NetLink'),
(9, '55.789.012/3456-98', 'SecureNet'),
(10, '77.456.123/6789-45', 'DataCloud'),
(11, '99.123.456/7890-23', 'GreenEnergy'),
(12, '66.234.567/8901-34', 'LogicTech'),
(13, '11.345.678/9012-45', 'UrbanTech'),
(14, '22.456.789/0123-56', 'SmartHomes'),
(15, '44.567.890/1234-67', 'AutoDrive'),
(16, '88.678.901/2345-78', 'BioLife'),
(17, '56.195.931/5372-00', 'PineApple'),
(18, '97.531.222/0901-97', 'Allsafe'),
(19, '10.123.456/7890-12', 'Umbrella Corp'),
(20, '20.234.567/8901-23', 'SkyNet Tecnologias');

-- Inserts para a tabela AGENTE
INSERT INTO AGENTE (id, nome, cpf, FK_EMPRESA_id) VALUES 
(1, 'Johnny English', '789.012.345-67', 1),
(2, 'Austin Powers', '890.123.456-78', 2),
(3, 'James Bond', '901.234.567-89', 3),
(4, 'Perry', '012.345.678-90', 4),
(5, 'Xander Cage', '123.456.789-01', 5),
(6, 'Nikita', '234.567.890-12', 6),
(7, 'Eggsy Unwin', '345.678.901-23', 7),
(8, 'Harry Hart', '456.789.012-34', 8),
(9, 'Johnny English', '567.890.123-45', 9),
(10, 'Smith', '678.901.234-56', 10),
(11, 'Harry Taker', '789.012.456-78', 11),
(12, 'Joseph Turner', '890.123.567-89', 12),
(13, 'Rudolf Abel', '901.234.678-90', 13),
(14, 'Roxanne Morton', '012.345.789-01', 14),
(15, 'Jack Ryan', '123.456.890-12', 15),
(16, 'Natasha Romanoff', '234.567.901-23', 16),
(17, 'Phillip Coulson', '345.678.012-34', 17),
(18, 'Yelena Belova', '456.789.123-45', 18);

-- Inserts para a tabela ALUNO com chaves estrangeiras nulas para alunos inativos
INSERT INTO ALUNO (id, cpf, matricula, nome, status, FK_AGENTE_id, FK_EMPRESA_id, FK_ORIENTADOR_id) VALUES
(1, '074.478.281-27', '2019105', 'Ana Silva', 'Ativo', 1, 1, 3),
(2, '603.376.091-30', '2020431', 'Bruno Costa', 'Inativo', NULL, NULL, NULL),
(3, '191.638.901-47', '2022277', 'Carlos Oliveira', 'Ativo', 3, 3, 8),
(4, '254.510.843-01', '2018061', 'Daniela Pereira', 'Ativo', 4, 4, 12),
(5, '713.873.132-99', '2023020', 'Eduardo Santos', 'Inativo', NULL, NULL, NULL),
(6, '894.213.587-45', '2023110', 'Fernanda Almeida', 'Ativo', 6, 6, 2),
(7, '258.963.147-82', '2023225', 'Gabriel Monteiro', 'Ativo', 7, 7, 4),
(8, '369.147.258-90', '2023340', 'Heloísa Lima', 'Ativo', 8, 8, 6),
(9, '741.852.963-12', '2023455', 'Igor Mendes', 'Inativo', NULL, NULL, NULL),
(10, '852.963.741-23', '2023560', 'Juliana Rocha', 'Ativo', 10, 10, 9),
(11, '963.741.852-34', '2023675', 'Kleber Nascimento', 'Inativo', NULL, NULL, NULL),
(12, '147.258.369-45', '2023780', 'Laura Souza', 'Ativo', 12, 12, 12),
(13, '321.654.987-56', '2023895', 'Marcelo Teixeira', 'Ativo', 13, 13, 3),
(14, '456.789.123-67', '2024000', 'Nina Oliveira', 'Ativo', 14, 14, 7),
(15, '678.123.456-78', '2024115', 'Oscar Mendes', 'Inativo', NULL, NULL, NULL),
(16, '789.456.123-89', '2024230', 'Patrícia Campos', 'Ativo', 16, 16, 6),
(17, '963.258.741-90', '2024345', 'Quirino Araújo', 'Ativo', 17, 17, 10),
(18, '147.369.258-01', '2024460', 'Rafael Cardoso', 'Inativo', NULL, NULL, NULL),
(19, '852.741.963-12', '2024575', 'Sabrina Martins', 'Ativo', 1, 1, 2),
(20, '963.852.741-23', '2024690', 'Thiago Fernandes', 'Ativo', 2, 2, 5),
(21, '321.987.654-34', '2024805', 'Ursula Costa', 'Ativo', 3, 3, 11),
(22, '456.321.789-45', '2024920', 'Vicente Neves', 'Inativo', NULL, NULL, NULL),
(23, '678.654.321-56', '2025035', 'Wesley Gomes', 'Ativo', 5, 5, 7),
(24, '789.321.654-67', '2025150', 'Xênia Duarte', 'Ativo', 6, 6, 6),
(25, '123.789.456-78', '2025265', 'Yara Fonseca', 'Ativo', 7, 7, 8),
(26, '987.654.321-89', '2025380', 'Zeca Dias', 'Ativo', 8, 8, 2),
(27, '741.963.852-90', '2025495', 'Alice Moura', 'Ativo', 9, 9, 3),
(28, '852.147.963-01', '2025610', 'Bruno Reis', 'Inativo', NULL, NULL, NULL),
(29, '963.258.147-12', '2025725', 'Carla Lima', 'Ativo', 11, 11, 5),
(30, '321.654.789-23', '2025840', 'Daniel Mendes', 'Inativo', NULL, NULL, NULL),
(31, '456.123.789-34', '2025955', 'Elias Alves', 'Ativo', 13, 13, 4),
(32, '678.987.321-45', '2026070', 'Fabiana Rocha', 'Ativo', 14, 14, 9),
(33, '789.654.123-56', '2026185', 'Gustavo Vieira', 'Inativo', NULL, NULL, NULL),
(34, '123.456.789-67', '2026300', 'Helena Ribeiro', 'Ativo', 16, 16, 6),
(35, '987.321.654-78', '2026415', 'Igor Silva', 'Ativo', 17, 17, 8),
(36, '741.852.963-89', '2026530', 'Joana Souza', 'Inativo', NULL, NULL, NULL),
(37, '852.963.741-90', '2026645', 'Kaio Mendes', 'Ativo', 1, 1, 3),
(38, '963.741.852-01', '2026760', 'Lívia Ferreira', 'Ativo', 2, 2, 5),
(39, '321.987.654-12', '2026875', 'Marcela Duarte', 'Inativo', NULL, NULL, NULL),
(40, '456.321.789-23', '2026990', 'Natan Oliveira', 'Ativo', 4, 4, 9),
(41, '678.654.321-34', '2027105', 'Olívia Cardoso', 'Ativo', 5, 5, 7),
(42, '789.321.654-45', '2027220', 'Paulo Santos', 'Inativo', NULL, NULL, NULL);
(43, '074.478.281-27', '2019105', 'Ana Costa', 'Ativo', 1, 1, 3),
(44, '123.456.789-00', '2020106', 'Bruno Oliveira', 'Ativo', 4, 2, 5),
(45, '234.567.890-11', '2021107', 'Carla Souza', 'Ativo', 7, 3, 7),
(46, '345.678.901-22', '2022108', 'Daniel Costa', 'Inativo', 10, 4, 9),
(47, '456.789.012-33', '2023109', 'Eduarda Pereira', 'Ativo', 13, 5, 11),
(48, '567.890.123-44', '2024110', 'Felipe Santos', 'Ativo', 16, 6, 12),
(49, '678.901.234-55', '2025111', 'Gabriela Lima', 'Inativo', 3, 7, 2),
(50, '789.012.345-66', '2026112', 'Henrique Almeida', 'Ativo', 6, 8, 4),
(51, '890.123.456-77', '2027113', 'Isabela Martins', 'Ativo', 9, 9, 6),
(52, '901.234.567-88', '2028114', 'João Oliveira', 'Ativo', 12, 10, 8),
(53, '012.345.678-99', '2029115', 'Karine Ferreira', 'Inativo', 15, 11, 10),
(54, '123.456.789-01', '2030101', 'Lucas Andrade', 'Ativo', 18, 12, 1),
(55, '234.567.890-12', '2031102', 'Marta Silva', 'Ativo', 2, 13, 3),
(56, '345.678.901-23', '2032103', 'Nicolas Santos', 'Inativo', 5, 14, 5),
(57, '456.789.012-34', '2033104', 'Olga Costa', 'Ativo', 8, 15, 7),
(58, '567.890.123-45', '2034105', 'Paula Ribeiro', 'Ativo', 11, 16, 9),
(59, '678.901.234-56', '2035106', 'Quintino Campos', 'Inativo', 14, 17, 11),
(60, '789.012.345-67', '2036107', 'Rafaela Almeida', 'Ativo', 17, 18, 12),
(61, '890.123.456-78', '2037108', 'Sérgio Almeida', 'Ativo', 6, 19, 2),
(62, '901.234.567-89', '2038109', 'Tânia Lima', 'Ativo', 9, 20, 4);

-- Inserts para a tabela CHAMADO
INSERT INTO CHAMADO (id, descricao, status, dt_abertura, dt_fechamento, FK_ALUNO_id, FK_SERVIDOR_id) VALUES
(1, 'Assinatura do termo', 'Aberto', '2023-07-01 10:00:00', NULL, 30, 1),
(2, 'Problemas nos dados', 'Fechado', '2023-07-02 11:00:00', '2023-07-03 12:00:00', 2, 6),
(3, 'Envio do relatório de desempenho do bolsista', 'Aberto', '2023-07-03 12:00:00', NULL, 23, 3),
(4, 'Envio de documentos', 'Fechado', '2023-07-04 13:00:00', '2023-07-05 14:00:00', 42, 4),
(5, 'Solicitação de estágio', 'Aberto', '2023-07-05 14:00:00', NULL, 5, 2),
(6, 'Atualização de informações', 'Fechado', '2023-07-06 15:00:00', '2023-07-07 16:00:00', 10, 3),
(7, 'Revisão de contrato', 'Aberto', '2023-07-07 16:00:00', NULL, 15, 4),
(8, 'Erro no sistema de estágio', 'Fechado', '2023-07-08 17:00:00', '2023-07-09 18:00:00', 20, 5),
(9, 'Documentos pendentes', 'Aberto', '2023-07-09 18:00:00', NULL, 25, 6),
(10, 'Solicitação de prazo', 'Fechado', '2023-07-10 19:00:00', '2023-07-11 20:00:00', 30, 1),
(11, 'Problema no formulário', 'Aberto', '2023-07-11 20:00:00', NULL, 35, 2),
(12, 'Verificação de assinatura', 'Fechado', '2023-07-12 21:00:00', '2023-07-13 22:00:00', 40, 3),
(13, 'Correção de dados bancários', 'Aberto', '2023-07-13 22:00:00', NULL, 7, 4),
(14, 'Feedback do estágio', 'Fechado', '2023-07-14 23:00:00', '2023-07-15 00:00:00', 42, 5),
(15, 'Problemas de comunicação', 'Aberto', '2023-07-15 00:00:00', NULL, 14, 6),
(16, 'Ajuste no contrato', 'Fechado', '2023-07-16 01:00:00', '2023-07-17 02:00:00', 5, 1),
(17, 'Erro no relatório', 'Aberto', '2023-07-17 02:00:00', NULL, 28, 2),
(18, 'Revisão de estágio', 'Fechado', '2023-07-18 03:00:00', '2023-07-19 04:00:00', 17, 3),
(19, 'Verificação de dados pessoais', 'Aberto', '2023-07-19 04:00:00', NULL, 36, 4),
(20, 'Envio de comprovante', 'Fechado', '2023-07-20 05:00:00', '2023-07-21 06:00:00', 22, 5),
(21, 'Solicitação de documentos adicionais', 'Aberto', '2023-07-21 06:00:00', NULL, 8, 6),
(22, 'Atualização de estágio', 'Fechado', '2023-07-22 07:00:00', '2023-07-23 08:00:00', 33, 1),
(23, 'Problemas com a plataforma', 'Aberto', '2023-07-23 08:00:00', NULL, 29, 2),
(24, 'Verificação de estágio', 'Fechado', '2023-07-24 09:00:00', '2023-07-25 10:00:00', 24, 3),
(25, 'Revisão de contrato de estágio', 'Aberto', '2023-07-25 10:00:00', NULL, 42, 4),
(26, 'Erro de processamento', 'Fechado', '2023-07-26 11:00:00', '2023-07-27 12:00:00', 19, 5),
(27, 'Documentos enviados com erro', 'Aberto', '2023-07-27 12:00:00', NULL, 8, 6),
(28, 'Solicitação de informações', 'Fechado', '2023-07-28 13:00:00', '2023-07-29 14:00:00', 11, 1),
(29, 'Verificação de estágio concluído', 'Aberto', '2023-07-29 14:00:00', NULL, 12, 2),
(30, 'Ajuste no relatório final', 'Fechado', '2023-07-30 15:00:00', '2023-07-31 16:00:00', 18, 3),
(31, 'Envio de recibo', 'Aberto', '2023-08-01 09:00:00', NULL, 7, 4),
(32, 'Revisão do relatório', 'Fechado', '2023-08-02 10:00:00', '2023-08-03 11:00:00', 25, 5),
(33, 'Problemas com a documentação', 'Aberto', '2023-08-03 11:00:00', NULL, 35, 6),
(34, 'Solicitação de prorrogação', 'Fechado', '2023-08-04 12:00:00', '2023-08-05 13:00:00', 42, 1),
(35, 'Erro no sistema de registro', 'Aberto', '2023-08-05 13:00:00', NULL, 12, 2);
